{
  "a": 0.07571423948850729,
  "b": 0.013047321359965596,
  "n": 0.0759184171496291,
  "d": 0.03818095076859521,
  "o": 0.07394219841647452,
  "e": 0.1276957770405616,
  "i": 0.07140872625569591,
  "g": 0.022488956150649383,
  "m": 0.02330507394098311,
  "t": 0.10116338849926387,
  "s": 0.06401547463332173,
  "r": 0.05796042258290489,
  "v": 0.01170049101065553,
  "l": 0.039498868832633004,
  "u": 0.029653405374088157,
  "c": 0.030044911846730676,
  "y": 0.021204110177287093,
  "h": 0.05516642213725494,
  "p": 0.021082011700104444,
  "k": 0.008616031333855322,
  "w": 0.019777201936243206,
  "q": 0.0009430671901955299,
  "j": 0.0007842608869059464,
  "f": 0.014196688694670405,
  "z": 0.0006982446273009691,
  "x": 0.0017933379655222937
}